,Altitude,Normalized L1 Loss,Normalized Relative Component Loss,RMSE,relRMSE
0,Low Altitude,0.004616652149707079,0.007178326137363911,0.020678747445344925,0.010316713713109493
1,High Altitude,9.77514500846155e-05,0.00018776985234580934,0.0004500334325712174,0.00027478605625219643
2,Altitude_0,0.0006663511740043759,0.0011141692521050572,0.0024116768036037683,0.00133543333504349
3,Altitude_1,0.00012050748046021909,0.00022977017215453088,0.00043782813008874655,0.0002762989024631679
4,Altitude_2,1.7467489669797942e-05,4.8023990530055016e-05,6.278607907006517e-05,5.882339246454649e-05
