,Altitude,Normalized L1 Loss,Normalized Relative Component Loss,RMSE,relRMSE
0,Low Altitude,0.02817405015230179,0.018237851560115814,0.27212199568748474,0.055747415870428085
1,High Altitude,0.002311048796400428,0.0017113395733758807,0.012547560967504978,0.00298060174100101
2,Altitude_0,0.002090069931000471,0.0015991309192031622,0.007826956920325756,0.0019915879238396883
3,Altitude_1,0.00041579105891287327,0.0003861687146127224,0.0014339680783450603,0.00044584236457012594
4,Altitude_2,5.1571234507719055e-05,8.087520836852491e-05,0.00019167170103173703,9.950108506018296e-05
