Altitude,Normalized L1 Loss,Normalized Relative Component Loss,RMSE,relRMSE
Low Altitude,0.7586586475372314,1.548092007637024,2.2977311611175537,1.554549217224121
High Altitude,2.817490167217329e-05,6.746110011590645e-05,0.0029972121119499207,0.002053097588941455
Altitude_0,0.00011078167153755203,0.00022744796297047287,0.00044938703649677336,0.00030927726766094565
Altitude_1,2.7881991627509706e-05,6.428150663850829e-05,9.479531581746414e-05,7.26192956790328e-05
Altitude_2,1.2505490303738043e-05,3.990938057540916e-05,4.207960228086449e-05,4.505482138483785e-05
